,Reason i,Reason j,Correlations,Human Score
0,The brown book is to the right of the yellow book.,The white book is the fourth from the left.,0.06552588105849726,
1,The white book is the fourth from the left.,The green book is the leftmost.,0.054301391262578894,
2,The white book is the fourth from the left.,The purple book is the leftmost book on the shelf.,0.05328098309931358,
3,The white book is the fourth from the left.,Place the green book to the left of the white book.,0.052260574936048285,
4,The brown book is to the right of the yellow book.,The purple book is the leftmost book on the shelf.,0.04130819398366733,
5,The white book is the fourth from the left.,The black book is the second from the left.,0.03933540486802107,
6,The brown book is to the right of the yellow book.,The green book is the leftmost.,0.039063296024483656,
7,The brown book is to the right of the yellow book.,Place the green book to the left of the white book.,0.02926737765713671,
8,The purple book is the leftmost book on the shelf.,The green book is the leftmost.,0.029222026183213814,
9,The purple book is the leftmost book on the shelf.,Place the green book to the left of the white book.,0.028178942282987052,
10,The brown book is to the right of the yellow book.,The black book is the second from the left.,0.027226561330606098,
11,The purple book is the leftmost book on the shelf.,The black book is the second from the left.,0.024324066999540338,
12,The green book is the leftmost.,Place the green book to the left of the white book.,0.021920438881626505,
13,The black book is the second from the left.,The green book is the leftmost.,0.02033313729432492,
14,The black book is the second from the left.,Place the green book to the left of the white book.,0.018791187180946238,
15,Option (F) The purple book is the leftmost is the correct answer.,"By following the given clues, the order of the books can be deduced as green, orange, white, black, purple, yellow, brown.",0.018428375389563018,
16,"Start by placing the black book second from the left, and then position the white book as the fourth book from the left.",Position the green book to the right of the orange book and the purple book to the left of the yellow book.,0.015934044323803378,
17,"Purple, Green, Orange, White, Black, Yellow, Brown","Purple < Yellow, Green < White, Yellow < Brown, White (4th), Green > Orange, Black (2nd",0.015888692849880478,
18,"Based on the established order, we can identify which book occupies the leftmost position on the shelf.","Based on the given clues, determine the relative positions of the books on the shelf.",0.015661935480265964,
19,"The green book is the leftmost, hence option (A) is correct.",List out the positions of the books based on the information provided: purple - yellow - green - white - black - orange - brown,0.015321799425844194,
20,The black book is the second from the left.,Brown book is not the leftmost.,0.015117717793191134,
21,"Arrange the books in order: green, orange, black, white, purple, yellow, brown.",The green book is the leftmost.,0.01461885158003921,
22,"The final order from left to right is: Green, Black, White, Orange, Purple, Brown, Yellow.",The black book is the second from the left.,0.012578035253508594,
23,The green book is the leftmost.,"By following the given clues, the order of the books can be deduced as green, orange, white, black, purple, yellow, brown.",0.012079169040356668,
24,"The green book is the leftmost, hence option (A) is correct.","By following the given clues, the order of the books can be deduced as green, orange, white, black, purple, yellow, brown.",0.012079169040356667,
25,The purple book is the leftmost book based on the organized order.,"The books are in the order: purple, green, orange, white, black, brown, yellow",0.01196579035554941,
26,The white book is the fourth from the left.,"By following the given clues, the order of the books can be deduced as green, orange, white, black, purple, yellow, brown.",0.011444248405436033,
27,Position the green book to the right of the orange book and the purple book to the left of the yellow book.,Arrange the brown book to the right of the yellow book.,0.01137622119455168,
28,Position the green book to the right of the orange book and the purple book to the left of the yellow book.,Select option (A) as the correct answer based on the findings.,0.01137622119455168,
29,"Purple < Yellow, Green < White, Brown > Yellow","White is 4th, Green > Orange, Black is 2nd",0.011353545457590227,
30,Position the green book to the right of the orange book and the purple book to the left of the yellow book.,Analyzing the relationships between the books to establish their order.,0.011308193983667326,
31,Position the green book to the right of the orange book and the purple book to the left of the yellow book.,Place the black book as the second book from the left according to the given information.,0.011308193983667326,
32,"Purple, Green, Orange, White, Black, Yellow, Brown",F: Purple is leftmost,0.011285518246705874,
33,The green book is to the left of the white book and to the right of the orange book.,The white book is in the middle of the arrangement between the purple book on the left and the yellow book on the right.,0.011262842509744422,
34,The green book is to the left of the white book and to the right of the orange book.,"Based on all the given constraints, the order of the books from left to right is purple, white, green, orange, black, brown, yellow.",0.011262842509744422,
35,"Based on the established order, we can identify which book occupies the leftmost position on the shelf.",Deduce the positions of the books on the shelf based on the conditions provided.,0.011262842509744422,
36,Arrange the books in the specified order based on the clues provided.,Determine which book is at the far left based on the positioning of the other books.,0.01121749103582152,
37,Position the green book to the right of the orange book and the purple book to the left of the yellow book.,Identify which book occupies the leftmost position in the lineup.,0.011172139561898617,
38,"Determine the positions of the green, brown, orange, and yellow books using the relationships with other fixed books.",Identify which book is in the leftmost position using the positions of the fixed books and the relationships among them.,0.011172139561898617,
39,Identifying the leftmost book based on the positions determined,Selecting the option that corresponds to the book at the leftmost position based on the derived positions.,0.011126788087975716,
40,The green book is to the left of the white book and to the right of the orange book.,"The brown book is to the right of the yellow book, so it cannot be the leftmost.",0.011081436614052812,
41,The black book is the second from the left.,Orange book cannot be the leftmost.,0.011081436614052812,
42,The black book is the second from the left.,Yellow book cannot be the leftmost.,0.011081436614052812,
43,The orange book is the leftmost based on the positions of all books relative to each other and the given options.,"Start by placing the black book second from the left, and then position the white book as the fourth book from the left.",0.011081436614052812,
44,The purple book is the leftmost book based on the organized order.,"Initial fixed positions of books from left to right are purple, green, white, black, orange, yellow, brown.",0.011058760877091362,
45,Position the green book to the right of the orange book and the purple book to the left of the yellow book.,Place the green book to the left of the white book.,0.01103608514012991,
46,Black book is the second from the left and the purple book is to the left of the yellow book.,The white book is the fourth from the left.,0.010763976296592495,
47,Determine the relative positions of the books based on the given information.,Determine the book located on the leftmost position based on the information gathered from the given conditions.,0.010718624822669592,
48,Analyzing the position of each book based on the given statements,Identifying the leftmost book based on the positions determined,0.010650597611785238,
49,Identify the leftmost book in the determined order.,Think about the positioning of each book in terms of the position of other books according to the clues provided.,0.010446515979132178,
